{
  "overall_accuracy_original_test_set": 74.16481069042317,
  "overall_accuracy_incl_negative_controls": 93.23249951522203
}