{
  "overall_accuracy_original_test_set": 94.65478841870824,
  "overall_accuracy_incl_negative_controls": 98.58444832266822
}