{
  "overall_accuracy_original_test_set": 93.68968077208612,
  "overall_accuracy_incl_negative_controls": 98.35175489625752
}